"steps-to-convergence","average_dist"

102, 7.017687
91, 7.554677
86, 6.569767
99, 6.935722
66, 7.390729
97, 7.463484
79, 6.883842
69, 7.618774
83, 7.157976
86, 7.006702
68, 7.095167
